min,max,avg_customers,stdev
1,9,3.225806451612903,2.3623389175328593